Noun,Adjective Modifier,Verb,Sentence
Dog,Happy,Wags,"A happy dog wags its tail."
Building,Tall,Casts,"A tall building casts a long shadow."
Book,Good,Engages,"A good book engages the reader."
Habit,Bad,Is,"A bad habit is hard to break."
Wind,Strong,Blows,"A strong wind blows leaves away."
Blanket,Warm,Keeps,"A warm blanket keeps you cozy."
Singer,Talented,Performs,"A talented singer performs well."
Cake,Delicious,Tastes,"A delicious cake tastes sweet."
Sunset,Beautiful,Paints,"A beautiful sunset paints the sky."
Bee,Busy,Collects,"A busy bee collects nectar."
Child,Curious,Asks,"A curious child asks questions."
Surgeon,Skilled,Performs,"A skilled surgeon performs operations."
Car,Fast,Races,"A fast car races down the track."
Cooker,Slow,Cooks,"A slow cooker cooks stew all day."
Smartphone,Smart,Connects,"A smartphone connects to the internet."
Muscle,Sore,Feels,"A sore muscle feels painful."
Plant,Young,Needs,"A young plant needs watering."
Tree,Old,Has,"An old tree has deep roots."
House,Big,Requires,"A big house requires maintenance."
Marker,Colorful,Highlights,"A colorful marker highlights important information."
Pencil,Soft,Sketches,"A soft pencil sketches a rough draft."
Eraser,Large,Deletes,"A large eraser deletes mistakes."
Ruler,Long,Measures,"A long ruler measures length."
Protractor,Accurate,Measures,"An accurate protractor measures angles."
Paintbrush,Wide,Paints,"A wide paintbrush paints broad strokes."
Easel,Sturdy,Holds,"A sturdy easel holds a canvas steady."
Canvas,Empty,Awaits,"An empty canvas awaits creation."
Chalk,White,Writes,"White chalk writes on blackboards."
Blackboard,Black,Erases,"A black blackboard erases easily."
Computer,Powerful,Calculates,"A powerful computer calculates complex equations."
Keyboard,Quiet,Types,"A quiet keyboard types out reports."
Mouse,Wireless,Clicks,"A wireless mouse clicks on icons."
Printer,Fast,Prints,"A fast printer prints documents quickly."
Ink,Vibrant,Colors,"Vibrant ink colors graphics."
Paper,Recycled,Uses,"Recycled paper uses less resources."
Camera,Digital,Captures,"A digital camera captures memories."
Lens,Wide-angle,Frames,"A wide-angle lens frames landscapes."
Flash,Bright,Illuminates,"A bright flash illuminates dark scenes."
Speakers,Clear,Play,"Clear speakers play music loudly."
Audio,High-quality,Enhances,"High-quality audio enhances sound effects."
Telescope,Advanced,Observes,"An advanced telescope observes celestial bodies."
Magnifying glass,Handheld,Examines,"A handheld magnifying glass examines small objects."
Lamp,Bright,Lights,"A bright lamp lights up a room."
Bulb,Energy-efficient,Lasts,"An energy-efficient bulb lasts longer."
Switch,Easy-to-use,Turns,"An easy-to-use switch turns on the lights."
Air conditioner,Efficient,Cools,"An efficient air conditioner cools the room."
Heater,Effective,Warms,"An effective heater warms up the space."
Vacuum cleaner,Powerful,Cleans,"A powerful vacuum cleaner cleans thoroughly."
Sink,Deep,Holds,"A deep sink holds plenty of water."
Toilet,Modern,Flushes,"A modern toilet flushes efficiently."
Door,Solid,Opens,"A solid door opens with ease."
Roof,Strong,Protects,"A strong roof protects from the elements."
Chair,Comfortable,Supports,"A comfortable chair supports your back."
Table,Sturdy,Holds,"A sturdy table holds heavy objects."
Bed,Soft,Sleeps,"A soft bed sleeps soundly."
Pillow,Fluffy,Cradles,"A fluffy pillow cradles your head."
Blanket,Warm,Keep,"A warm blanket keeps you cozy."
Sheet,Soft,Feels,"Soft sheets feel luxurious."
Fork,Sharp,Pierces,"A sharp fork pierces meat."
Knife,Serrated,Slices,"A serrated knife slices bread."
Pan,Non-stick,Cooks,"A non-stick pan cooks food evenly."
Pot,Large,Boils,"A large pot boils water quickly."
Kettle,Electric,Whistles,"An electric kettle whistles when it's ready."
Coffee maker,Automatic,Brews,"An automatic coffee maker brews coffee with ease."
Toaster,Compact, Toasts,"A compact toaster toasts bread perfectly."
Blender,Powerful,Blends,"A powerful blender blends smoothies quickly."
Stand mixer,Heavy-duty,Mixes,"A heavy-duty stand mixer mixes dough effortlessly."
Slow cooker,Programmable,Cooks,"A programmable slow cooker cooks meals slowly."
Oven,Convection,Bakes,"A convection oven bakes cookies evenly."
Dishwasher,Energy-efficient,Cleans,"An energy-efficient dishwasher cleans dishes quietly."
Refrigerator,Sprawling,Cools,"A sprawling refrigerator cools drinks effectively."
Freezer,Compact,Freezes,"A compact freezer freezes food safely."
Washing machine,High-capacity,Washes,"A high-capacity washing machine washes clothes efficiently."
Iron,Steam,Irons,"A steam iron irons clothes wrinkle-free."
Vacuum cleaner,Lightweight,Clean,"A lightweight vacuum cleaner cleans floors easily."
Mop,Adjustable,Cleans,"An adjustable mop cleans corners precisely."
Broom,Durable,Sweeps,"A durable broom sweeps floors clean."
Dustpan,Sturdy,Picks,"A sturdy dustpan picks up debris."
Air freshener,Fragrant,Freshens,"A fragrant air freshener freshenes the air."
Toilet brush,Long-handled,Scrubs,"A long-handled toilet brush scrubs the bowl clean."
Toilet plunger,Powerful,Unclogs,"A powerful toilet plunger unclogs drains easily."
Bath mat,Soft,Cushions,"A soft bath mat cushions your feet."
Shower curtain, Waterproof ,Prevents,"A waterproof shower curtain prevents water from leaking onto the floor."
Showerhead,Multiple settings, Massages,"A multiple-setting showerhead massages your scalp and body."
Towels,absorbent,Dry,"Absorbent towels dry quickly."
Toilet paper,Quilted,Softens,"Quilted toilet paper softens the texture."
Shower curtain hooks,Adjustable,Hang,"Adjustable shower curtain hooks hang securely."
Shower rings,Durable,Hold,"Durable shower rings hold strongly."
Shower curtain rod,Tension,Hangs,"A tension shower curtain rod hangs steadily."
Bath rug,Non-slip,Prevents,"A non-slip bath rug prevents slipping."
Shower gel,Moisturizing,Soothes,"Moisturizing shower gel soothes skin."
Body wash,Rich,Cleans,"Rich body wash cleans thoroughly."
Shampoo,Sulfate-free,Lathers,"Sulfate-free shampoo lathers nicely."
Conditioner,Leaves-in,Softens,"Leaves-in conditioner softens hair."
Hair mask,Deep,Nourishes,"A deep hair mask nourishes strands."
Hair oil,Lightweight,Hydrates,"Lightweight hair oil hydrates without weighing down."
Hairbrush,Wide-tooth,Detangles,"A wide-tooth hairbrush detangles gently."
Hair clips,Adjustable,Hold,"Adjustable hair clips hold securely."
Hair tie,Elastic,Stretches,"An elastic hair tie stretches to fit."
Hairspray,Strong-hold,Holds,"Strong-hold hairspray holds styles in place."
Hair serum,Light-reflecting,Shines,"Light-reflecting hair serum shines brightly."
Hat,Wool,Warms,"A wool hat warms your head."
Scarf,Soft,Wraps,"A soft scarf wraps cozily around your neck."
Gloves,Thermal,Keep,"Thermal gloves keep your hands warm."
Coat,Waterproof,Protects,"A waterproof coat protects you from the rain."
Snowboots,Waterproof,Keep,"Waterproof snowboots keep your feet dry."
Socks,Warm,Keep,"Warm socks keep your feet cozy."
Underwear,Breathable,Keeps,"Breathable underwear keeps you cool and dry."
Sleeping bag,Warm,Keeps,"A warm sleeping bag keeps you cozy while camping."
Tent,Waterproof,Protects,"A waterproof tent protects you from the elements."
Backpack,Comfortable,Carries,"A comfortable backpack carries your essentials."
Sunscreen,Water-resistant,Protects,"Water-resistant sunscreen protects your skin from the sun's harmful rays."
Lip balm,Moisturizing,Soothes,"Moisturizing lip balm soothes dry, chapped lips."
Hiking boots,Durable,Supports,"Durable hiking boots support your feet on long hikes."
Jacket,Breathable,Vents,"A breathable jacket vents excess heat."
Pants,Water-repellent,Resists,"Water-repellent pants resist stains."
Shirt,Quick-drying,Comfortable,"A quick-drying shirt stays comfortable in hot weather."
Shoes,Slip-resistant,Grip,"Slip-resistant shoes provide grip on wet surfaces."
Sunglasses,Polarized,Block,"Polarized sunglasses block glare."
Hat,Adjustable,Fits,"An adjustable hat fits comfortably."
Scarf,Lightweight,Keeps,"A lightweight scarf keeps you warm."
Umbrella,Windproof,Withstands,"A windproof umbrella withstands strong gusts."
Raincoat,Breathable,Vents,"A breathable raincoat vents excess heat."
Boots,Insulated,Keeps,"Insulated boots keep your feet warm."
Gloves,Thermal,Keep,"Thermal gloves keep your hands warm."
Socks,Moisture-wicking,Keep,"Moisture-wicking socks keep your feet dry."
Sports bra,Supportive,Compress,"A supportive sports bra compresses your breasts."
T-shirt,Moisture-wicking,Keep,"A moisture-wicking T-shirt keeps you cool."
Running shorts,Breathable,Vent,"Breathable running shorts vent excess heat."
Sneakers,Cushioned, Absorb,"Cushioned sneakers absorb shock."
Socks,Arch-supporting,Relieve,"Arch-supporting socks relieve foot pain."
Jacket,Water-repellent,Resist,"A water-repellent jacket resists stains."
Pants,Stretchy,Move,"Stretchy pants move with you."
Shirt,Button-down,Casual,"A button-down shirt looks casual."
Tie,Silk,Looks,"A silk tie looks elegant."
Shirt,Crisp,Feels,"A crisp shirt feels refreshing."
Pants,Tailored,Fit,"Tailored pants fit perfectly."
Suit,Custom-made,Fits,"A custom-made suit fits flawlessly."
Shoes,Italian leather,Quality,"Italian leather shoes exude quality."
Belt,Hand-stitched,Durable,"A hand-stitched belt is durable."
Watch, Swiss-made,Keep,"A Swiss-made watch keeps perfect time."
Sunglasses,Polarized,Block,"Polarized sunglasses block UV rays."
Scarf,Cashmere,Soft,"A cashmere scarf feels soft against your skin."
Gloves,Leather,Durable,"Leather gloves are durable and long-lasting."
Boots,Shearling-lined,Warm,"Shearling-lined boots keep your feet warm."
Coat,Trench,Protects,"A trench coat protects you from the rain."
Dress,Flowing,Moves,"A flowing dress moves gracefully."
Sweater,Cable-knit,Warm,"A cable-knit sweater keeps you warm."
Scarf,Silk,Shines,"A silk scarf shines elegantly."
Tie,Wool,Knots,"A wool tie knots securely."
Socks,Cotton,Breathe,"Cotton socks breathe comfortably."
Underwear,Modal,Soft,"Modal underwear feels soft against your skin."
Bras,Lace,Delicate,"Lace bras add a touch of delicacy."
Pants,Fleece,Warm,"Fleece pants keep you warm."
Skirt,Denim,Moves,"A denim skirt moves freely."
Dress,Chiffon,Flows,"A chiffon dress flows elegantly."
Sweater,Cashmere,Soft,"A cashmere sweater feels soft."
Pants,Leather,Tough,"Leather pants are tough and durable."
Jacket,Down-filled,Warm,"A down-filled jacket keeps you warm."
Shoes,Suede,Comfortable,"Suede shoes are comfortable."
Hat,Fur,Warm,"A fur hat keeps your head warm."
Gloves,Thermal,Warm,"Thermal gloves keep your hands warm."
Scarf,Cashmere,Soft,"A cashmere scarf feels soft against your skin."
Hat,Beanie,Warm,"A beanie hat keeps your head warm."
Socks,Wool,Breathe,"Wool socks breathe comfortably."
Underwear,Modal,Soft,"Modal underwear feels soft against your skin."
Bras,Lace,Delicate,"Lace bras add a touch of delicacy."
Pants,Fleece,Warm,"Fleece pants keep you warm."